"id","name","age","gender","department","position","salary","proj_id"
1,"Justin Webb",45,"Female","Marketing","Specialist","47604.12",13
2,"Keith Wolfe",41,"Male","Engineering","Engineer","74283.31",17
3,"Natalie Miller",61,"Female","Engineering","Manager","55206.18",20
4,"Matthew Stafford",51,"Female","Engineering","Coordinator","66491.68",16
5,"David Hansen",23,"Female","Marketing","Coordinator","44793.63",2
6,"Anthony Cruz",26,"Female","Finance","Coordinator","31057.66",11
7,"Michelle Prince",39,"Male","Engineering","Manager","66526.07",6
8,"Richard Ford",42,"Female","HR","Engineer","86849.69",4
9,"Amy Terry",26,"Female","Finance","Engineer","101625.33",13
10,"Nicole Gordon",34,"Female","HR","Analyst","31834.87",4
11,"Meghan Kelley",23,"Male","Sales","Coordinator","85258.16",10
12,"Barry Greene",25,"Female","HR","Engineer","84082.72",3
13,"Mr. Zachary Hall",62,"Male","Engineering","Analyst","113010.72",7
14,"Christopher Kane",27,"Male","Sales","Engineer","53109.04",9
15,"Timothy Allen",63,"Male","Marketing","Specialist","30687.51",2
16,"William Martinez",41,"Male","Engineering","Coordinator","118295.06",2
17,"Charlotte Hughes",27,"Female","Engineering","Manager","60610.82",8
18,"Casey Alexander",55,"Female","Engineering","Specialist","60729.79",5
19,"Terri Kelley",35,"Female","HR","Coordinator","59477.97",10
20,"Mark Webb",50,"Female","Sales","Specialist","44236.28",3
21,"Kylie Hayes",63,"Male","Engineering","Analyst","101397.76",4
22,"Casey Douglas",61,"Female","Engineering","Analyst","94446.89",17
23,"Joseph Butler",36,"Male","HR","Coordinator","35334.38",14
24,"Amy Warren",46,"Male","Finance","Manager","59338.27",9
25,"Caleb Scott",51,"Female","Engineering","Engineer","119457.49",3
26,"Eric Bishop",45,"Female","Marketing","Coordinator","60006.44",16
27,"Kent Gregory",36,"Female","Engineering","Coordinator","60430.89",13
28,"Morgan Wright",63,"Female","Marketing","Engineer","116820.24",14
29,"Ronald Koch",35,"Male","Engineering","Engineer","42704.1",18
30,"Donald Barnett",22,"Male","HR","Engineer","70045.14",2
31,"Jason Berger",37,"Female","Marketing","Coordinator","75169.3",15
32,"Timothy Brown",27,"Male","Finance","Engineer","101001.52",16
33,"Zachary Mendoza",41,"Male","Engineering","Specialist","56930.51",16
34,"Benjamin James",43,"Female","Finance","Specialist","92731.29",2
35,"Blake Meadows",22,"Female","HR","Specialist","87825.34",18
36,"Richard Caldwell",50,"Female","Sales","Engineer","53487.59",18
37,"Sheri Williams",42,"Female","HR","Analyst","49945.49",13
38,"Cynthia Ray",32,"Female","Engineering","Specialist","93144.59",15
39,"Larry Reed",37,"Female","HR","Engineer","60842.07",9
40,"Jimmy Moreno",37,"Male","HR","Manager","68818.21",15
41,"Brittany Ellis",62,"Female","Marketing","Engineer","79168.97",17
42,"Christopher Martinez",33,"Female","HR","Coordinator","78290.41",5
43,"Chad Nunez MD",57,"Male","Engineering","Analyst","114019.08",19
44,"Jacqueline West",50,"Male","Sales","Engineer","31898.57",9
45,"Nicole Gonzales",46,"Male","HR","Specialist","90096.28",16
46,"Kevin Riley",64,"Male","Engineering","Analyst","82842.33",6
47,"Patricia James",55,"Female","Marketing","Specialist","31323.76",4
48,"Andrew Hill",56,"Male","Marketing","Coordinator","36776.64",4
49,"Cynthia Sullivan",27,"Female","HR","Engineer","34437.7",12
50,"David Padilla",32,"Female","Finance","Manager","56098.73",6
51,"Joseph Oneal",52,"Male","Engineering","Coordinator","53657.77",17
52,"Jenny Riley",36,"Female","HR","Analyst","95994.54",16
53,"Anita White",34,"Male","Sales","Analyst","43158.17",3
54,"Tanya Black",32,"Male","Sales","Specialist","96392.66",20
55,"Kevin Evans",49,"Female","Finance","Specialist","39803.26",2
56,"Laura Griffin",28,"Female","HR","Specialist","43193.61",10
57,"Nicole Stewart",53,"Female","Finance","Engineer","52438.15",19
58,"Ryan Chang",50,"Female","Sales","Manager","65057.93",18
59,"Valerie West",57,"Male","HR","Specialist","66461.08",4
60,"Terry Stone",64,"Female","Engineering","Manager","34013.13",20
61,"Jesse Martinez",57,"Female","Sales","Coordinator","62537.12",14
62,"Christopher Barrett",23,"Male","Sales","Coordinator","67025.4",16
63,"Tracy Klein",22,"Female","Sales","Specialist","48101.47",3
64,"Daniel Smith",50,"Male","Marketing","Specialist","36924.81",16
65,"Joshua Gray",30,"Female","Finance","Coordinator","82264.21",6
66,"James Cole",63,"Female","Marketing","Specialist","46277.1",13
67,"Ernest Lambert",39,"Male","Finance","Analyst","34927.62",17
68,"Cynthia Lloyd",37,"Male","Engineering","Specialist","52368.83",19
69,"Matthew Villa",62,"Female","Marketing","Engineer","42766.26",6
70,"Christopher Kim",27,"Female","Engineering","Manager","82793.35",7
71,"Olivia Schaefer",24,"Male","Marketing","Specialist","76061.85",7
72,"Frances Wright",65,"Female","Engineering","Coordinator","47113.17",17
73,"Jason Rodriguez",53,"Female","Marketing","Manager","46235.11",4
74,"Dustin Stevens",50,"Female","Sales","Specialist","75150.76",18
75,"Kelsey Wise",42,"Male","Engineering","Engineer","114143.51",3
76,"Deborah Bullock",49,"Male","HR","Specialist","108959.91",11
77,"Elizabeth Moran",36,"Male","Engineering","Coordinator","118839.05",2
78,"Gerald Macdonald",37,"Male","Marketing","Analyst","53551.56",11
79,"Bryan English",40,"Male","Sales","Specialist","113126.72",13
80,"Joanna Carroll",58,"Female","Sales","Coordinator","107196.45",6
81,"Brandy Smith",51,"Female","HR","Analyst","44215.46",6
82,"Emily Glenn",49,"Female","HR","Engineer","112319.44",1
83,"Robert Russell",61,"Female","Engineering","Analyst","39005.59",4
84,"James Castaneda",62,"Female","Marketing","Analyst","111084",11
85,"Nina Schultz",32,"Male","Finance","Engineer","99917.48",18
86,"Sally Carroll",56,"Male","Sales","Analyst","44135",2
87,"Danielle Scott",60,"Female","Engineering","Specialist","81517.21",10
88,"Emily Moore",58,"Female","Marketing","Engineer","49655.05",13
89,"Michelle Moss",34,"Female","Marketing","Manager","36213.6",8
90,"Robert Price",48,"Female","Finance","Engineer","53371.04",7
91,"Bryan Dixon",29,"Male","Finance","Manager","65266.62",4
92,"Jason Johnson",58,"Male","Marketing","Coordinator","77222.76",11
93,"Mackenzie Glover",44,"Female","Marketing","Coordinator","72329.58",6
94,"Dr. Michael Wade",56,"Male","Marketing","Analyst","72292.84",2
95,"Christine Wilson",40,"Male","Finance","Coordinator","87261.02",18
96,"Steven Freeman",39,"Male","Marketing","Manager","64167.84",7
97,"Willie Moore",50,"Male","Sales","Analyst","99630.39",7
98,"Trevor Archer",60,"Female","Marketing","Analyst","49068.69",7
99,"Mark Williams",36,"Female","HR","Coordinator","71185.12",19
100,"Ryan Scott",32,"Female","HR","Engineer","43905.92",15
101,"Phillip Stephens",24,"Female","HR","Specialist","97040.96",14
102,"Sara Leonard",39,"Male","Sales","Coordinator","65174.04",6
103,"Lindsay Hernandez",36,"Male","Engineering","Coordinator","119438.02",8
104,"Christine Castro",55,"Female","Sales","Coordinator","52428.89",11
105,"Meghan Johnson",40,"Male","Engineering","Analyst","95713.88",16
106,"Sarah Williams",61,"Female","Sales","Coordinator","96812.62",18
107,"Mark Strong",39,"Female","HR","Manager","62807.09",3
108,"Brandon Martin",50,"Male","Marketing","Manager","116190.32",2
109,"Brett Rosales",52,"Female","Finance","Manager","54576.95",15
110,"Brenda Small",25,"Male","HR","Coordinator","63143.79",19
111,"Linda Holland",28,"Female","HR","Manager","30689.17",2
112,"Robert Smith",56,"Female","Engineering","Specialist","31012.2",6
113,"Theodore Rios",57,"Female","Finance","Engineer","119843.71",6
114,"Michelle Nolan",25,"Male","Finance","Analyst","105593.47",19
115,"Donna Scott",35,"Male","Engineering","Manager","36010.85",19
116,"Christopher Howard",52,"Female","HR","Manager","110491.82",9
117,"Shawn Rhodes",63,"Female","Sales","Manager","103001.9",20
118,"Tyler Caldwell",27,"Female","Finance","Analyst","110611.83",6
119,"Amy Jackson",40,"Female","HR","Engineer","53109.88",17
120,"Sean Blake",46,"Male","HR","Analyst","118926.24",4
121,"Brooke Cruz",22,"Male","Finance","Manager","112071.64",5
122,"Donald Edwards",27,"Male","Engineering","Analyst","34704.85",2
123,"Daniel Smith",26,"Male","Finance","Manager","63033.1",19
124,"Sarah Martinez",65,"Male","HR","Coordinator","69191.67",16
125,"Scott Bailey",23,"Male","HR","Analyst","103236.5",20
126,"Shannon Anderson",31,"Female","Sales","Coordinator","39094.13",17
127,"Toni Boyd",41,"Female","Finance","Analyst","70468.83",9
128,"Heather White",55,"Female","Finance","Analyst","35746.85",18
129,"Diana Ho",54,"Female","HR","Coordinator","33462.07",7
130,"Amy White",46,"Female","HR","Analyst","107933.97",9
131,"Dr. Catherine Trujillo DDS",51,"Male","Engineering","Manager","53610.26",15
132,"Scott Evans",52,"Male","HR","Manager","62120.34",10
133,"Danielle Graham",63,"Female","Engineering","Coordinator","112790.83",18
134,"Dawn Stanton",38,"Male","HR","Engineer","31607.79",11
135,"Kayla Jacobs",28,"Female","Sales","Manager","115541.68",17
136,"Shelia West",54,"Female","Sales","Analyst","40755.8",2
137,"Jeffery Sanchez",26,"Male","HR","Specialist","41940.68",17
138,"Casey Howard",24,"Female","Engineering","Manager","60711.66",6
139,"Gary Martinez",47,"Female","HR","Engineer","115565.42",19
140,"Ryan Clayton",30,"Male","Marketing","Manager","73969.51",10
141,"Heidi Blackburn",25,"Female","Finance","Analyst","81872.42",7
142,"Zachary Lucas PhD",54,"Male","HR","Manager","100454.45",8
143,"Melissa Wallace",49,"Male","Engineering","Specialist","115247.03",18
144,"Darren Thompson",57,"Female","Finance","Analyst","93866.05",17
145,"Courtney Anderson",30,"Female","Marketing","Coordinator","76443.26",5
146,"Richard Brady",31,"Female","Sales","Manager","100626.67",20
147,"Gregory Carpenter",46,"Female","Marketing","Manager","119649.59",3
148,"Kimberly Sims",23,"Female","Marketing","Coordinator","38723.77",19
149,"Andrew Wilson",48,"Female","HR","Analyst","58312.5",12
150,"Erica Smith",43,"Male","Engineering","Specialist","67633.19",2
151,"John Villarreal",48,"Female","Engineering","Specialist","90205.85",11
152,"Jose Anderson",32,"Male","Engineering","Engineer","52775.23",17
153,"Jessica Harris MD",45,"Male","Engineering","Specialist","108780.1",20
154,"Kimberly Edwards",50,"Female","Finance","Coordinator","94141.35",2
155,"Michelle Keith",56,"Male","HR","Specialist","50889.02",14
156,"Jeffrey Greene",27,"Male","Engineering","Coordinator","118439.65",11
157,"Taylor Cooper",28,"Male","Sales","Analyst","42226.72",17
158,"Tracey Lopez",49,"Male","Sales","Manager","49162.56",9
159,"Stacey Shah",38,"Female","Sales","Analyst","85064.72",8
160,"David Burke",59,"Female","Marketing","Analyst","107950.96",13
161,"Courtney Baker",30,"Female","Finance","Analyst","75343.21",4
162,"Joseph Carr",40,"Male","Engineering","Manager","74209.78",5
163,"Michael Payne",63,"Female","Engineering","Engineer","36781.32",2
164,"Audrey Shaw",52,"Female","Marketing","Coordinator","61699.67",1
165,"Stephanie Ford",28,"Female","Finance","Coordinator","90046.99",17
166,"Victoria Adams",53,"Female","HR","Specialist","117442.09",4
167,"Natalie Clayton",30,"Female","HR","Manager","116697.24",6
168,"Ms. Kimberly Browning",50,"Female","Finance","Specialist","37386.14",3
169,"Shawn Swanson",39,"Male","HR","Coordinator","81231.37",17
170,"Colleen Evans",57,"Female","Finance","Manager","115467.82",10
171,"Heather Cole",44,"Female","Marketing","Manager","66890.12",9
172,"Dan Turner",38,"Male","Finance","Specialist","57644.51",7
173,"Mr. James Stanley Jr.",57,"Male","Marketing","Manager","108494.27",4
174,"Shannon Zimmerman",53,"Female","Engineering","Manager","94537.43",1
175,"Katherine Roberts",44,"Female","Marketing","Manager","89376.56",5
176,"George Simpson",51,"Female","Engineering","Engineer","61907.57",13
177,"Kristy Ray",34,"Male","Marketing","Engineer","109152.01",17
178,"Shannon Nelson",47,"Female","Finance","Coordinator","74922.25",8
179,"Ryan Hernandez",39,"Female","HR","Engineer","70215.85",14
180,"Angel Quinn",28,"Male","Marketing","Manager","63960.61",6
181,"Jocelyn Smith MD",59,"Female","Finance","Manager","72193.97",12
182,"Melissa Lozano",49,"Male","Marketing","Manager","92659.84",11
183,"Richard Russo",45,"Female","Sales","Manager","47956.23",13
184,"William Ruiz",34,"Female","Marketing","Manager","86722.82",17
185,"Terry Shepard",65,"Male","Sales","Specialist","40216.77",9
186,"Aaron Sparks",58,"Female","Marketing","Engineer","45054.88",11
187,"Sandra Martin",24,"Female","HR","Specialist","74834.69",18
188,"Mrs. Dana Mcdaniel",31,"Female","Engineering","Coordinator","79411.77",9
189,"Terri Simmons",60,"Female","Marketing","Manager","41679.27",14
190,"Gene Huber",23,"Male","Sales","Coordinator","94493.29",14
191,"Sandra Young",61,"Female","Finance","Analyst","33100.59",12
192,"Gary Lewis",32,"Male","Sales","Specialist","32155.28",10
193,"Jared Cunningham",31,"Male","Sales","Manager","40449.24",2
194,"Joshua Burke",27,"Male","Finance","Coordinator","41458.61",8
195,"Keith Jones",47,"Female","Marketing","Coordinator","104786.34",2
196,"Martha Brown",44,"Male","Engineering","Specialist","117910.89",10
197,"Eric Ballard",40,"Female","Marketing","Manager","115248.66",10
198,"Charles James",65,"Male","Marketing","Coordinator","78495.77",18
199,"Robert Jones",49,"Female","Marketing","Analyst","79532.56",19
200,"Samantha Watson",28,"Male","Finance","Manager","49366.67",15
201,"John Mason",47,"Male","Engineering","Analyst","51478.08",2
202,"Erin Daugherty",34,"Male","Engineering","Specialist","43613.88",3
203,"Robert Turner",24,"Female","Finance","Specialist","96507.55",6
204,"Marissa Griffin",58,"Male","Engineering","Engineer","51301.42",16
205,"Allison Medina",25,"Female","Marketing","Analyst","61115.04",9
206,"Corey Nielsen Jr.",22,"Male","Finance","Specialist","64198.01",16
207,"Darryl Nichols",58,"Male","Marketing","Coordinator","37040.18",17
208,"James Golden",34,"Male","Sales","Engineer","72274.62",9
209,"Rachel Bird",47,"Female","HR","Coordinator","64561.94",6
210,"Regina Lewis",51,"Male","Sales","Engineer","116026.69",18
211,"Roberto Griffith",52,"Female","Sales","Manager","78920.78",13
212,"Samuel Perez",48,"Female","Sales","Specialist","43628.27",13
213,"Amber Rodriguez",34,"Female","Sales","Engineer","51633.16",4
214,"Tracy Noble",52,"Male","Engineering","Specialist","73740.81",16
215,"Paige Franco",47,"Male","HR","Engineer","64458.52",14
216,"Steve Christensen",54,"Male","Engineering","Engineer","82440.2",10
217,"Brandon Wilson",54,"Male","Sales","Specialist","40204.13",4
218,"Michelle Phelps",46,"Female","Marketing","Manager","79841.82",10
219,"Richard Todd",36,"Male","Sales","Coordinator","41869.24",17
220,"Richard Cook",57,"Female","HR","Specialist","75550",9
221,"Mike Baker",34,"Female","Marketing","Specialist","56042.92",4
222,"Cassandra Patton",26,"Female","Finance","Coordinator","80601.06",18
223,"Leah Kramer",50,"Female","HR","Analyst","48987.98",10
224,"Melinda Contreras",48,"Male","Finance","Specialist","99953.77",1
225,"Jenny Douglas",63,"Female","HR","Coordinator","61035.98",2
226,"John Schultz",24,"Male","Marketing","Manager","97502.6",4
227,"Timothy Owens",60,"Female","Engineering","Engineer","49941.91",19
228,"Sean Watkins",24,"Male","Engineering","Analyst","77659.14",14
229,"Robert Strong",61,"Female","Marketing","Engineer","77877.99",20
230,"Roberto Thompson",24,"Female","Engineering","Analyst","109595.05",8
231,"Leslie Adams",53,"Male","Sales","Analyst","35953.36",13
232,"Scott Fuller",51,"Male","Marketing","Coordinator","74400.53",12
233,"Christopher Meyer",43,"Male","HR","Engineer","36142.44",20
234,"Sara Lopez",44,"Male","Finance","Analyst","78164.64",12
235,"Tyler Mcneil",27,"Male","Finance","Analyst","72138.71",10
236,"Leslie Hart",28,"Male","Sales","Manager","60845.22",11
237,"Jacob Sullivan",46,"Male","HR","Analyst","104018.9",15
238,"Jessica Holland",22,"Male","HR","Specialist","64620.31",12
239,"Paul Jenkins",23,"Female","Finance","Specialist","67652.38",14
240,"Rachel Smith",56,"Female","Marketing","Engineer","30854.13",5
241,"Erin Gray",35,"Female","HR","Analyst","33072.32",9
242,"Angela Prince",51,"Male","Sales","Engineer","84279.79",19
243,"Micheal Richardson",56,"Female","HR","Manager","96398.35",2
244,"Angel Smith",65,"Female","HR","Specialist","71081.33",15
245,"Bonnie Andrews",33,"Male","HR","Manager","99643.96",8
246,"Wendy Bowen",49,"Male","Finance","Manager","109745.76",4
247,"Tyler Williams",56,"Female","Engineering","Analyst","38504.54",17
248,"Sandra Morris",34,"Male","Marketing","Analyst","115559.87",14
249,"Brittany Hawkins",23,"Female","Finance","Analyst","43540.62",3
250,"Chelsea Barker",59,"Female","Engineering","Specialist","69669.07",9
251,"Penny Romero",25,"Female","Marketing","Coordinator","94321.78",19
252,"Mr. Todd Jones",38,"Male","HR","Manager","102616.45",9
253,"James Daniels",50,"Female","HR","Coordinator","74559.75",2
254,"Carl Meza",64,"Female","Sales","Engineer","111131.73",8
255,"Sean Murphy",49,"Female","Marketing","Engineer","39096.11",18
256,"John Smith",27,"Female","Engineering","Engineer","69031.58",12
257,"Carl Rocha",47,"Male","HR","Engineer","108057.67",5
258,"Emily Garcia",22,"Female","HR","Coordinator","81929.72",9
259,"Crystal Hernandez",25,"Male","Finance","Specialist","94170.62",14
260,"Michaela Farrell",27,"Male","Engineering","Specialist","96620.29",10
261,"Natalie Ford",41,"Female","Finance","Engineer","69486.09",1
262,"Susan Scott",58,"Male","Finance","Analyst","34034.71",6
263,"Justin Leon",55,"Female","HR","Analyst","36427.76",11
264,"Laura Ross",22,"Female","Marketing","Specialist","92844.32",7
265,"Brianna Reed",60,"Male","Marketing","Specialist","102726.7",18
266,"Lindsay Combs",48,"Male","Engineering","Engineer","67145.79",20
267,"Carol Cooper",39,"Male","Engineering","Manager","80382.75",5
268,"Heidi Ross",40,"Male","Finance","Engineer","72557.45",15
269,"Eric Martinez",52,"Female","Finance","Specialist","110688.41",6
270,"Matthew Hernandez",23,"Male","Finance","Coordinator","92673.69",11
271,"Daniel Bradley",61,"Male","Engineering","Coordinator","97537.03",12
272,"Sarah Johnson",61,"Male","Marketing","Coordinator","52267.77",13
273,"Brian Garcia",35,"Female","Sales","Analyst","35241.85",12
274,"John Anderson",65,"Female","HR","Analyst","72498.24",17
275,"Isaac Vaughn",62,"Male","HR","Specialist","65294.91",6
276,"Erin Griffin",45,"Female","HR","Manager","90538.33",15
277,"Felicia Richards",62,"Male","Finance","Analyst","79571.73",9
278,"Mark Peterson",54,"Female","HR","Manager","79078.28",11
279,"Briana Hernandez",58,"Male","Marketing","Manager","113970.46",18
280,"Kathy Novak",41,"Female","HR","Analyst","67153.33",8
281,"Cheyenne Caldwell",23,"Male","Engineering","Specialist","39218.36",11
282,"Heidi Thomas",58,"Female","HR","Engineer","82432.56",19
283,"Nicole Lopez",25,"Male","Engineering","Engineer","115581.13",18
284,"Karen Benjamin",35,"Male","HR","Manager","74574.63",2
285,"John Smith",37,"Male","HR","Coordinator","105656.78",7
286,"Tracey Smith",60,"Male","HR","Engineer","114703.61",19
287,"Stephanie Medina",56,"Female","HR","Coordinator","34448.21",10
288,"Jerry Schmidt",27,"Male","Sales","Manager","73057.97",1
289,"Bruce Rios",32,"Male","HR","Manager","48449.37",12
290,"Leonard Smith",22,"Male","Finance","Specialist","107723.24",8
291,"Sharon Vaughn",25,"Female","Marketing","Coordinator","46888.73",8
292,"Kaylee Johnston",63,"Female","Finance","Manager","68114.2",11
293,"Richard Smith",43,"Female","Sales","Analyst","81670.83",2
294,"Courtney Sandoval",30,"Male","Engineering","Manager","83034.37",4
295,"Joshua Brooks",50,"Male","HR","Specialist","108758.72",18
296,"Charles Velasquez",35,"Female","Engineering","Coordinator","77741.19",9
297,"Jamie Palmer",28,"Female","HR","Engineer","71365.89",18
298,"John Banks",38,"Male","Finance","Specialist","43737.56",10
299,"Lisa Stout",48,"Male","Sales","Specialist","40086.43",16
300,"Brenda Henderson",40,"Male","Engineering","Coordinator","63357.19",16
301,"Mariah Conway",42,"Male","Finance","Engineer","35972.72",1
302,"Laurie Page",50,"Male","Engineering","Analyst","115954.07",8
303,"Sarah Parker",49,"Male","Sales","Specialist","105075.72",18
304,"Wendy Porter",49,"Male","Marketing","Manager","49237.23",8
305,"William Williams",27,"Female","Sales","Engineer","51550.14",16
306,"Stanley Frey",50,"Female","Sales","Coordinator","43262.42",2
307,"Debbie Tucker",65,"Male","Engineering","Coordinator","76454.36",8
308,"Brittany Barber",58,"Male","Engineering","Analyst","72532.43",20
309,"Joshua Clark",38,"Female","Marketing","Engineer","97291.9",7
310,"Kayla Ross",65,"Male","Finance","Manager","93551.64",6
311,"Karen Cook",52,"Female","Sales","Engineer","112036.42",8
312,"Stephanie Ross",28,"Female","Engineering","Manager","38084.81",5
313,"Katrina Wright",61,"Male","Engineering","Coordinator","72802.81",17
314,"April Rogers",55,"Female","Marketing","Engineer","92291.66",13
315,"David Alexander",29,"Male","Finance","Analyst","74924.89",12
316,"James Henderson",58,"Female","HR","Analyst","67095.98",8
317,"Amanda Wilson",45,"Male","Sales","Engineer","43828.67",14
318,"Edward Townsend",48,"Female","Marketing","Specialist","98453.71",15
319,"David Peterson",25,"Male","Finance","Coordinator","38399.03",7
320,"Melissa Montgomery",62,"Male","Sales","Manager","53165.56",3
321,"Amanda Arias",37,"Female","Marketing","Coordinator","89553.47",20
322,"Kara Cooper MD",40,"Female","Marketing","Engineer","33584.74",1
323,"Christine Franklin",24,"Female","HR","Manager","72724.39",20
324,"Kimberly Richardson",23,"Male","Sales","Manager","53192.05",4
325,"Melvin Watkins",30,"Female","Engineering","Engineer","51922.38",9
326,"Teresa Patel",46,"Female","Finance","Specialist","112560.98",9
327,"Benjamin Howard",55,"Male","Finance","Specialist","47968.79",9
328,"Megan Palmer",60,"Male","Finance","Engineer","51604.92",11
329,"Rebekah Suarez",32,"Male","Marketing","Engineer","74649.06",11
330,"Charles Campbell",63,"Male","Finance","Analyst","99224.53",5
331,"John Sanders",33,"Female","Sales","Engineer","70372.64",4
332,"Adam Griffin",41,"Male","Marketing","Specialist","57166.4",20
333,"Patrick Boyle",30,"Female","HR","Analyst","107482.12",17
334,"Kevin Moore",51,"Female","Finance","Specialist","95248.16",1
335,"Ruth Green",36,"Female","Finance","Specialist","61757.5",18
336,"Mark Hopkins",32,"Female","Finance","Analyst","69843.29",13
337,"Jared Villarreal",38,"Female","Engineering","Coordinator","87833.26",10
338,"Kelly Sutton",23,"Male","Finance","Manager","53127.26",13
339,"Stephen Harding",36,"Female","Marketing","Manager","98259.65",7
340,"Craig Scott",42,"Female","Finance","Engineer","119350.75",14
341,"Nathaniel Turner",54,"Female","Engineering","Manager","66533.84",9
342,"Garrett Summers",63,"Male","Engineering","Engineer","109865.54",20
343,"Eric Dean",27,"Female","Sales","Engineer","118712.98",19
344,"Christine Williams",42,"Male","Sales","Specialist","40412.72",11
345,"Carol Snyder",42,"Female","HR","Analyst","43817.69",6
346,"Cheryl Davis",57,"Male","Engineering","Specialist","49195.3",7
347,"Andrea Wood",45,"Female","Sales","Specialist","106207.68",10
348,"Jason Burgess",60,"Male","Sales","Specialist","108166.15",4
349,"Miranda Olsen",65,"Female","Finance","Coordinator","41759.38",8
350,"Sharon Mitchell",57,"Female","Engineering","Analyst","74273.97",11
351,"Jonathan Rodriguez",40,"Female","Engineering","Specialist","31801.8",20
352,"Kimberly Griffith",43,"Male","Sales","Coordinator","52218.57",19
353,"Natalie Bartlett",41,"Female","Engineering","Analyst","46818.68",14
354,"Randall Martin",46,"Female","Marketing","Engineer","32356.49",12
355,"Hannah Mahoney",62,"Female","Marketing","Specialist","95558.16",3
356,"Terri Thompson",30,"Male","Marketing","Manager","114912.7",13
357,"Kyle Lee",63,"Male","Marketing","Specialist","37384.13",18
358,"Luis Sweeney",23,"Male","Marketing","Specialist","43786.26",5
359,"Mr. Shane Flores Jr.",29,"Male","Finance","Engineer","99834.24",16
360,"Jamie Manning",48,"Male","HR","Coordinator","57714.88",13
361,"Jerry Ross",31,"Female","HR","Coordinator","90103.35",11
362,"Sherry Jones",60,"Female","Sales","Coordinator","112625.14",2
363,"Caitlin Richardson",44,"Female","Marketing","Specialist","116858.89",3
364,"Nicole Peterson",45,"Female","Sales","Engineer","30411.04",17
365,"Tyler Green",47,"Female","Marketing","Engineer","73782.02",6
366,"Jennifer Ryan",40,"Female","Marketing","Manager","109111.47",15
367,"Melissa Gutierrez",53,"Female","HR","Manager","103557.83",19
368,"Kimberly Moran",58,"Male","Finance","Coordinator","71782.68",3
369,"Francisco Owen",61,"Female","HR","Coordinator","81781.14",13
370,"Mr. Andrew Jones Jr.",22,"Female","Engineering","Manager","106460.74",18
371,"Kyle Hunter PhD",39,"Male","Sales","Analyst","77908.02",19
372,"Kristy Rice",55,"Female","Sales","Manager","90815.8",1
373,"Carrie Hamilton",36,"Female","Marketing","Engineer","106980.92",1
374,"Samuel Smith",62,"Male","Finance","Specialist","34063.4",6
375,"Jacob Reese",48,"Female","Sales","Coordinator","71315.41",7
376,"Brian English",35,"Male","Engineering","Analyst","51071.79",16
377,"Scott Ford",60,"Female","Marketing","Engineer","89327.23",14
378,"Lisa Bowen",47,"Female","Finance","Analyst","72206.32",1
379,"Dr. Jared Taylor",63,"Female","Sales","Analyst","59075.59",13
380,"Christopher Phillips",45,"Male","HR","Analyst","42072.47",12
381,"Kayla Barron",24,"Female","Engineering","Manager","65443.42",10
382,"Christina Acevedo",42,"Female","Sales","Coordinator","89510.54",18
383,"Suzanne Nguyen",50,"Male","Finance","Analyst","76759.69",15
384,"Samantha Cardenas",23,"Male","Engineering","Coordinator","111786.7",6
385,"Daniel Martin",56,"Female","Sales","Specialist","52199.54",16
386,"Jennifer Mcdaniel",61,"Male","Sales","Engineer","69976.44",20
387,"Lee Smith",62,"Male","Sales","Engineer","63968.89",11
388,"Elizabeth Ward",22,"Male","Marketing","Engineer","113817.04",12
389,"Nicole Miller",54,"Male","Sales","Specialist","78823.06",20
390,"Lisa Hartman",62,"Female","Marketing","Analyst","95184.91",17
391,"Noah Johnson",23,"Female","Engineering","Manager","85394.25",15
392,"Ian Lambert",33,"Male","Engineering","Analyst","87172.83",12
393,"Ralph Blair",23,"Female","Marketing","Manager","103370.71",13
394,"Andrew Mosley",62,"Female","HR","Manager","44813.37",9
395,"Craig Sutton",23,"Female","HR","Analyst","44395.74",5
396,"Allen Diaz",59,"Male","HR","Engineer","93502.72",19
397,"Amber Conley",63,"Male","Marketing","Analyst","95216.45",1
398,"Christopher Carter",38,"Female","Sales","Coordinator","112513.52",18
399,"Maria Roth",40,"Male","Marketing","Manager","83634.24",5
400,"Crystal Smith",25,"Female","Sales","Coordinator","66216.34",15
401,"Mrs. Jo Rodriguez",62,"Female","Engineering","Manager","70499.3",11
402,"Sharon Craig",44,"Female","Engineering","Specialist","93338.33",15
403,"Samuel Ashley",60,"Male","Finance","Specialist","48164.94",14
404,"Steven Walsh",40,"Male","Finance","Manager","84422.38",17
405,"Linda Turner",50,"Male","Engineering","Coordinator","61903.92",14
406,"Eric Schmidt",47,"Female","Sales","Engineer","52972.51",13
407,"Andrew Lang",34,"Female","Engineering","Analyst","119946.58",11
408,"Penny Heath",63,"Female","Finance","Analyst","67851.63",10
409,"Deborah Hunter",46,"Male","HR","Engineer","83410.96",5
410,"Patricia Carter",46,"Male","Sales","Analyst","112367.08",10
411,"Alvin Anderson Jr.",41,"Male","Sales","Analyst","96443.63",7
412,"Brianna Anderson",33,"Female","Engineering","Engineer","110828.59",2
413,"Nicholas White",33,"Male","Sales","Engineer","43133.58",8
414,"Julie Lewis",54,"Female","Marketing","Coordinator","97738.65",1
415,"Jessica Ellis",32,"Female","Sales","Manager","54436.81",13
416,"Chelsey Ellis",23,"Male","Sales","Specialist","66655.26",4
417,"Vanessa Spears",49,"Male","Finance","Engineer","106270.53",4
418,"Christopher Page",41,"Male","Marketing","Coordinator","94968.25",1
419,"Krista Lewis",46,"Female","Sales","Manager","101859.68",10
420,"Kimberly Pham",65,"Male","Sales","Analyst","46368.58",5
421,"Rachel Rodriguez",31,"Female","Engineering","Coordinator","69867.27",8
422,"Kenneth Gardner",35,"Female","Sales","Coordinator","50761.04",10
423,"Jordan Flowers",44,"Male","Engineering","Engineer","57989.68",2
424,"Eric Robertson",47,"Male","Finance","Analyst","82623.16",2
425,"Kelly Mccall",64,"Female","Sales","Manager","52610.94",5
426,"Courtney Hernandez",61,"Female","Engineering","Coordinator","78755.65",18
427,"Brett Beasley",42,"Female","Finance","Engineer","98519.18",15
428,"Julia Carter",54,"Female","Finance","Coordinator","73089.59",20
429,"Stacie Henson",27,"Male","Sales","Engineer","61857.77",5
430,"Elizabeth Morgan",35,"Male","Sales","Analyst","117400.08",2
431,"Susan Cunningham",62,"Female","HR","Engineer","46633.31",8
432,"Rebecca Fowler",23,"Male","Engineering","Coordinator","73018.55",4
433,"Christian Garcia",37,"Female","Marketing","Manager","44175.61",18
434,"Ann Rodgers",40,"Female","HR","Engineer","46224.74",8
435,"John Perry",30,"Male","Engineering","Manager","77765.28",15
436,"Justin Fowler",43,"Female","Sales","Analyst","79681.25",2
437,"Jacob Evans",55,"Male","Finance","Coordinator","35848.58",5
438,"Robert Rodriguez",54,"Female","HR","Manager","96658.4",5
439,"Megan Williams",52,"Male","Finance","Engineer","113496.91",20
440,"Shane Patel",50,"Female","HR","Engineer","90552.97",9
441,"Jessica Anderson",43,"Female","Finance","Specialist","96348.99",14
442,"Jonathan Jones",64,"Male","Finance","Analyst","86615.87",17
443,"Lance Brown",57,"Male","Marketing","Specialist","106177.27",19
444,"Jennifer Kelly",26,"Female","HR","Engineer","43147.72",4
445,"Anthony Jordan",35,"Female","Finance","Specialist","117764.9",12
446,"Mandy Rojas",50,"Female","HR","Specialist","64152.95",7
447,"Carolyn Robles",53,"Female","HR","Manager","58129.52",6
448,"Donald Ramsey",57,"Male","Engineering","Specialist","70538.01",17
449,"Brian Watts",46,"Female","HR","Engineer","41406.58",6
450,"Diane Winters",28,"Female","Engineering","Specialist","67755.42",9
451,"Ashley Owens",42,"Female","Sales","Specialist","64873.48",2
452,"David Peterson",31,"Male","Marketing","Specialist","94512.57",1
453,"Tina Barnes",28,"Female","HR","Engineer","98821.91",17
454,"Barbara Elliott",65,"Male","Marketing","Engineer","97622.01",15
455,"Victoria Smith",36,"Male","Finance","Analyst","98397.66",2
456,"Michael Casey",63,"Female","Marketing","Specialist","54051.47",2
457,"Ryan Huang",39,"Male","Sales","Coordinator","73033.45",20
458,"Brooke Vang",63,"Male","Sales","Analyst","40355.17",12
459,"Dana Weber",52,"Male","Sales","Engineer","82005.58",5
460,"Hannah Wilson",39,"Female","Sales","Specialist","74583.38",11
461,"Vanessa Hawkins",56,"Female","Sales","Engineer","109911.06",17
462,"William Hardy",41,"Male","HR","Manager","36420.31",12
463,"Kelly Hall",32,"Female","Marketing","Coordinator","34461.61",19
464,"Mitchell Morgan",51,"Male","Sales","Analyst","94823.25",4
465,"William James",65,"Female","Engineering","Analyst","111003.41",4
466,"Kelly Hartman",65,"Female","Finance","Manager","51357.48",4
467,"Diamond Brown",47,"Female","Marketing","Analyst","64282.73",12
468,"Ashley Patrick",47,"Male","Finance","Engineer","80532.33",11
469,"Alexander Smith",62,"Male","HR","Engineer","68476.96",15
470,"Amanda Brooks",46,"Female","Marketing","Specialist","74314.52",13
471,"Christina Hudson",47,"Female","Sales","Analyst","110900.68",2
472,"Melissa Thompson",38,"Female","Engineering","Analyst","95595.67",5
473,"Erica Bean",39,"Male","Sales","Coordinator","62929.09",13
474,"Jennifer Mitchell",28,"Male","Sales","Analyst","96792.34",16
475,"Tammy Tucker",60,"Female","HR","Manager","98390.66",18
476,"Dustin Dorsey",46,"Female","Finance","Manager","40604.27",2
477,"Brent Crawford",41,"Male","Finance","Coordinator","118800.48",1
478,"Chelsea Gibson",65,"Male","HR","Engineer","119427.07",15
479,"Laura Villanueva MD",29,"Male","HR","Engineer","44389.52",3
480,"Gerald Bowman",51,"Female","Sales","Analyst","112519.06",12
481,"Michael Stafford",33,"Male","Sales","Manager","44609.29",4
482,"Charlotte Pierce",42,"Male","Marketing","Engineer","50363.37",16
483,"Dana Gates",62,"Female","Marketing","Engineer","43945.51",1
484,"Jason Le",50,"Female","HR","Specialist","99965.72",13
485,"Cynthia Dickerson",23,"Female","HR","Analyst","89822.92",14
486,"Jennifer May",38,"Female","HR","Manager","103274.35",10
487,"Tammy Garcia",46,"Male","HR","Analyst","118715",12
488,"Corey Allen",39,"Female","Sales","Engineer","35475.22",3
489,"Raymond Graham",42,"Female","Engineering","Specialist","119524.25",15
490,"Stephen Carpenter",32,"Female","Sales","Manager","68772.78",2
491,"Heather Noble",56,"Female","Engineering","Manager","45686.85",7
492,"Jacqueline Carter",50,"Male","HR","Manager","94142.71",17
493,"Jennifer Spencer",43,"Female","HR","Analyst","54025.65",10
494,"Ian Oliver",31,"Male","Finance","Manager","102117.53",16
495,"Kimberly Haynes",65,"Female","Marketing","Coordinator","85926.38",17
496,"Stephanie Ball",62,"Female","Engineering","Coordinator","60029",10
497,"Edward Berg",63,"Male","HR","Specialist","105477.49",5
498,"Tracey Fuentes",42,"Female","Engineering","Coordinator","56147.36",7
499,"Emily Smith",60,"Female","Engineering","Manager","79964.53",20
500,"Matthew May",39,"Female","Marketing","Engineer","50316.92",18
501,"Guy Contreras",37,"Female","Sales","Analyst","80520.22",17
502,"Robert Clark",27,"Male","Engineering","Manager","84036.16",7
503,"Karen Carter",57,"Female","Marketing","Manager","30042.16",20
504,"Ian Long",33,"Female","Finance","Manager","104546.7",6
505,"Eric Turner",26,"Female","Sales","Manager","51337.46",20
506,"Joshua Nguyen",46,"Male","Marketing","Engineer","91340.14",12
507,"Glenn Wright",51,"Male","Engineering","Specialist","97618.79",4
508,"Nancy Matthews",53,"Male","HR","Specialist","116781.43",6
509,"Micheal Lopez",23,"Male","Sales","Analyst","93755.4",15
510,"Brenda Hunt",23,"Male","Sales","Manager","55256.3",9
511,"Madison Payne",64,"Female","Engineering","Engineer","117805.57",16
512,"Sarah Miller",52,"Male","Sales","Specialist","57930.86",10
513,"Mary Aguilar",54,"Male","Finance","Engineer","71368.01",2
514,"Scott Williams",51,"Male","Engineering","Analyst","100365.1",11
515,"Shawn Brown",63,"Female","Finance","Analyst","40216.48",5
516,"Alexis Smith",51,"Male","Engineering","Specialist","67260.91",15
517,"Stephanie Phillips",26,"Female","Sales","Analyst","107735.64",16
518,"Christina Davila",61,"Male","Marketing","Manager","103287.06",10
519,"Michelle Hogan",41,"Male","Marketing","Engineer","90116.45",15
520,"Brandon Taylor",64,"Female","Finance","Engineer","81203.77",10
521,"Megan Salinas",32,"Male","Finance","Engineer","51982.32",3
522,"Emily Armstrong",53,"Male","Engineering","Specialist","76256.9",7
523,"Joyce Deleon",43,"Male","HR","Manager","92676.13",14
524,"Michael Andrade",61,"Male","Marketing","Manager","34618.88",2
525,"Zachary Jones",37,"Female","Sales","Analyst","39075.62",2
526,"Sharon Hardin",44,"Male","Sales","Coordinator","57886.99",14
527,"Dustin Cuevas",44,"Male","Sales","Specialist","41072.53",5
528,"Amy Mcdonald",57,"Male","Finance","Analyst","91246.64",9
529,"Megan Berry",52,"Female","HR","Engineer","99928.38",15
530,"Karen Miller",42,"Female","HR","Specialist","53667.51",10
531,"Daniel Mendoza",41,"Female","Engineering","Manager","56891.37",12
532,"Ernest Garcia",41,"Male","Finance","Specialist","31092.07",8
533,"Karen Williams",49,"Female","Finance","Manager","34420.59",11
534,"Brittany Allison",39,"Male","Finance","Engineer","81484.41",10
535,"Vanessa Casey",22,"Male","Marketing","Specialist","50430.28",5
536,"James Anderson",48,"Female","Engineering","Engineer","49541.53",2
537,"Richard Smith",38,"Female","Finance","Analyst","59933.7",13
538,"Kimberly Huber",30,"Female","Marketing","Coordinator","33379.41",16
539,"Victoria Bishop MD",22,"Female","HR","Specialist","118875.59",10
540,"Christopher Brown",44,"Male","Sales","Coordinator","94163.54",9
541,"Sandra Monroe",35,"Female","Engineering","Analyst","83497.15",4
542,"Tonya Davis",65,"Male","Engineering","Manager","106392.35",11
543,"Lori Williams",22,"Male","Marketing","Engineer","88840",1
544,"David Thomas",55,"Female","Finance","Analyst","33081.8",15
545,"Gabrielle Lloyd",47,"Male","Marketing","Specialist","70897.84",1
546,"Carolyn Gonzalez",49,"Female","Engineering","Coordinator","109247.97",5
547,"Andrea Rogers",28,"Female","Finance","Manager","38599.11",18
548,"Jeremiah Cobb",60,"Male","Marketing","Manager","53479.26",20
549,"Michael Frye",47,"Female","Marketing","Manager","75589.19",11
550,"Edward Castillo",53,"Female","Sales","Manager","84232.46",20
551,"Kevin Woodard",40,"Female","HR","Engineer","75475.69",1
552,"Brad Smith",45,"Male","Finance","Manager","112777.34",19
553,"Veronica Parker",33,"Male","Finance","Engineer","104712.36",13
554,"Nicole Watts",55,"Female","Sales","Manager","69446.66",15
555,"Michelle Haynes",36,"Female","Marketing","Coordinator","83795.56",13
556,"Erin Wilson",55,"Male","Engineering","Manager","88829.68",6
557,"David Curry",32,"Female","Sales","Coordinator","91315.97",16
558,"Jocelyn Cisneros",44,"Female","Engineering","Engineer","56288.43",19
559,"Roy Mcintosh",24,"Male","HR","Manager","58434.32",7
560,"Christopher Allen",56,"Female","HR","Manager","38264.2",9
561,"Shelley Sellers",46,"Female","Finance","Coordinator","34795.98",7
562,"Amy Keith",44,"Male","HR","Manager","41617.42",16
563,"Molly Nichols",32,"Male","HR","Analyst","75149.96",2
564,"Robert Sanders",28,"Male","Sales","Engineer","111316.2",10
565,"Michael Carter",50,"Male","Finance","Specialist","119832.16",10
566,"Nicholas Escobar",56,"Female","Sales","Coordinator","72081.05",5
567,"Katherine Frey",57,"Female","Finance","Specialist","35703.17",1
568,"Natalie Nichols",30,"Male","Engineering","Analyst","73345.04",8
569,"Barbara Erickson",40,"Male","Engineering","Engineer","94473.94",20
570,"Anne Johns",47,"Female","Engineering","Analyst","98030.1",17
571,"Catherine Travis",45,"Male","Finance","Specialist","109051.61",18
572,"Jose Murray",58,"Female","HR","Analyst","63089.68",4
573,"Luke Escobar",29,"Male","Marketing","Coordinator","84935.66",1
574,"Christie Freeman",35,"Female","Finance","Engineer","62020.58",14
575,"Jason Tucker",63,"Male","Finance","Coordinator","112996.96",2
576,"Susan Rodriguez",24,"Female","Finance","Analyst","50855.64",8
577,"Arthur Sherman",25,"Male","HR","Manager","105444.35",14
578,"Jennifer Rose",22,"Female","Finance","Engineer","115193.39",12
579,"Matthew Jones",44,"Female","Finance","Engineer","52535.5",12
580,"Amanda Ferguson",46,"Female","Engineering","Specialist","35325.49",12
581,"Michele Gutierrez",45,"Female","Engineering","Coordinator","91771.92",17
582,"Bryan Riley",33,"Male","HR","Specialist","93469.71",13
583,"Rebecca Hicks",37,"Female","Marketing","Analyst","70032.22",9
584,"Marilyn Wilcox",26,"Female","Engineering","Coordinator","43418.78",18
585,"James Diaz",62,"Male","Sales","Engineer","111123.21",12
586,"Kayla Pittman",29,"Male","Sales","Analyst","35862.61",4
587,"Wayne Davis",63,"Male","Sales","Specialist","110921.08",14
588,"Stephen Stafford",22,"Male","Finance","Analyst","109942.79",16
589,"Douglas Harper",45,"Female","Engineering","Manager","70289.77",8
590,"Jacqueline Stanley",36,"Male","Sales","Coordinator","68689.8",6
591,"Gary Russell",57,"Male","Marketing","Specialist","87785.11",6
592,"Melissa Turner",27,"Female","Finance","Specialist","68546.04",13
593,"Alex Moore",48,"Male","Marketing","Engineer","81477.33",17
594,"Debbie Smith",63,"Female","Finance","Manager","89277.27",12
595,"William Freeman",41,"Male","Finance","Analyst","56522.04",5
596,"Tina Bradford",57,"Female","HR","Engineer","56080.52",9
597,"Jose Collins",28,"Male","Engineering","Engineer","31639.7",1
598,"Jenna Mcgee",35,"Male","Engineering","Analyst","108538.67",20
599,"Peter White",63,"Female","HR","Coordinator","119258.67",14
600,"Brian Riley",59,"Male","Sales","Engineer","119859.98",17
601,"David Sullivan",56,"Male","HR","Coordinator","98695.21",14
602,"Donna Ross",37,"Male","Sales","Specialist","86267.68",5
603,"James Patton",45,"Female","Sales","Specialist","72558.49",16
604,"Michael Ray",26,"Male","Marketing","Specialist","91983.26",6
605,"William Smith",26,"Female","HR","Analyst","74743.92",17
606,"Gloria Case",32,"Female","Sales","Analyst","64688.45",7
607,"Patrick Hawkins",40,"Female","HR","Coordinator","43886.45",4
608,"Renee Edwards",61,"Male","HR","Analyst","76215.92",3
609,"Renee Rodriguez",25,"Female","HR","Specialist","86098.77",8
610,"Ann Kelly",53,"Male","Engineering","Specialist","62901.75",11
611,"Terri Jackson",40,"Male","Engineering","Manager","77134.09",11
612,"Cindy Anderson",37,"Female","Sales","Coordinator","82731.53",20
613,"Adrian Smith",22,"Male","Finance","Coordinator","100034.7",19
614,"Jessica Smith",31,"Male","HR","Specialist","84407.12",8
615,"Jessica Higgins",52,"Male","Sales","Manager","108604.53",9
616,"Pamela Banks",41,"Female","Finance","Analyst","51650.74",6
617,"Cathy King",55,"Female","HR","Manager","69211.44",17
618,"Pamela Gallegos",32,"Male","Marketing","Analyst","57123.59",3
619,"Stephanie Leon",32,"Female","HR","Manager","108685.34",16
620,"Ryan Robinson",51,"Male","Sales","Analyst","59482.37",10
621,"Katherine Hill",63,"Female","Engineering","Analyst","111791.93",10
622,"Zachary Day",55,"Female","Engineering","Analyst","84399.82",5
623,"Jose Ortega",33,"Male","Finance","Manager","41584.14",19
624,"Brittney Jones",58,"Female","Engineering","Manager","80091.5",16
625,"Scott Brown",56,"Male","Finance","Specialist","87244.02",3
626,"Susan Parker",45,"Female","Engineering","Manager","84758.8",10
627,"Jeffery Thomas",60,"Female","Finance","Coordinator","40328.84",7
628,"Jesse Taylor",47,"Female","HR","Manager","71530.95",1
629,"Mrs. Tammy Warner MD",54,"Female","Finance","Manager","47842.06",6
630,"Linda Hudson",34,"Female","Engineering","Coordinator","110366.95",16
631,"Christopher Roach",22,"Male","Finance","Manager","61224.36",2
632,"Samuel Sherman",59,"Male","Marketing","Coordinator","31054.72",10
633,"Elizabeth Nichols",28,"Male","Marketing","Engineer","81282.06",4
634,"Daniel Atkinson",57,"Male","Marketing","Manager","119190.42",13
635,"Alyssa Levine",37,"Male","Finance","Specialist","100804.31",12
636,"Tony Jordan",51,"Male","Marketing","Engineer","50002.54",10
637,"David Wilson",52,"Male","HR","Manager","49746.29",4
638,"William Howard",32,"Male","Finance","Engineer","90369.75",16
639,"Rebecca Brown",40,"Male","HR","Specialist","93938.91",1
640,"Jeffrey Ramirez",34,"Male","Finance","Specialist","88313.55",4
641,"Jason Beltran",33,"Female","Sales","Coordinator","85709.51",11
642,"Cole Curtis",43,"Male","Sales","Specialist","110441.86",15
643,"Russell Morris",55,"Female","Engineering","Coordinator","119147.26",4
644,"Sherri Hansen",28,"Male","Marketing","Manager","87789.48",3
645,"Valerie Craig",45,"Male","Finance","Coordinator","76074.05",9
646,"John Lester",22,"Female","Marketing","Coordinator","96071.07",4
647,"Todd Patterson",56,"Female","Finance","Analyst","119889.25",11
648,"Chelsea Walker",39,"Female","Finance","Manager","98769.48",10
649,"Larry Torres",63,"Male","Finance","Engineer","55626.61",7
650,"Taylor Lopez",50,"Female","Finance","Analyst","51663.32",9
651,"Lauren Wheeler",36,"Male","Sales","Coordinator","31493.62",1
652,"Robert Liu",35,"Male","Engineering","Coordinator","58403.74",5
653,"Kyle Guerra",63,"Male","Engineering","Engineer","47710.74",17
654,"Destiny Delgado",48,"Male","Sales","Manager","114136.01",7
655,"Stephen Hill",51,"Male","Marketing","Coordinator","30536.71",13
656,"Joshua Martinez",26,"Male","Sales","Coordinator","49946.71",14
657,"Ashley Bush",57,"Female","Finance","Engineer","110848.59",20
658,"Jessica Wilkinson",62,"Female","Finance","Coordinator","107216.58",8
659,"Brandon Richardson",37,"Female","Engineering","Analyst","67467.45",15
660,"Anthony Mcdaniel",52,"Male","Marketing","Manager","116174.73",9
661,"Ryan Holland",23,"Female","Marketing","Analyst","105164.8",4
662,"Hailey Waters",42,"Female","Engineering","Analyst","80061.86",17
663,"Jason Silva",55,"Female","Marketing","Specialist","61954.55",8
664,"Kevin Taylor",29,"Female","Engineering","Coordinator","105498.12",19
665,"Heather Reynolds",36,"Male","Marketing","Coordinator","67289.31",15
666,"Gerald Casey",63,"Female","Engineering","Manager","95207.23",20
667,"Jason Miller",59,"Female","HR","Analyst","101094.05",15
668,"Matthew Dennis",24,"Male","Sales","Manager","66833.11",17
669,"Betty Hoover",35,"Female","Sales","Manager","46153.88",4
670,"Amanda King",63,"Male","Sales","Coordinator","59038.01",15
671,"Jennifer Bailey",29,"Male","Finance","Analyst","96618.87",17
672,"Corey Berry",53,"Male","Sales","Analyst","44479.12",18
673,"Catherine Brady",57,"Female","Engineering","Specialist","53210.77",5
674,"Kevin Dunn",30,"Male","Engineering","Engineer","75576.42",11
675,"Andrew Garrett",23,"Male","HR","Manager","84232.83",4
676,"Taylor Jordan",61,"Male","Finance","Analyst","117100.26",18
677,"Heather Farrell",39,"Female","HR","Specialist","104368.4",16
678,"Jennifer Powell",49,"Female","Engineering","Engineer","31358.03",8
679,"Christopher Robinson",43,"Male","Engineering","Specialist","88136.93",1
680,"Ryan Conner",54,"Female","Sales","Engineer","58050.94",12
681,"Aaron Diaz",27,"Male","Finance","Manager","77834.9",4
682,"Amanda Thompson",33,"Male","Sales","Specialist","108679.12",13
683,"Colleen Cruz",34,"Female","Marketing","Analyst","99969.98",3
684,"Rebecca Owen",61,"Female","Finance","Manager","56369.29",10
685,"Cynthia Middleton",59,"Female","Finance","Engineer","115276.96",13
686,"Dr. Wendy Cortez",36,"Female","HR","Analyst","90996.26",9
687,"Diana Foster",57,"Male","Sales","Engineer","43282.74",11
688,"Patricia Hamilton",34,"Male","Sales","Manager","70451.55",14
689,"Anthony Hill",53,"Male","HR","Specialist","90439.91",9
690,"Sandra Thomas",48,"Female","HR","Coordinator","49434.91",13
691,"Nancy Martinez",43,"Female","Finance","Specialist","49711.12",6
692,"Ronnie Cooper",58,"Female","Finance","Engineer","110850.66",7
693,"Donald Cunningham",55,"Male","Marketing","Manager","119795.05",2
694,"Mindy Davis",44,"Female","HR","Engineer","84570.14",8
695,"John Nelson",28,"Male","Sales","Manager","80498",14
696,"Bryan Palmer",23,"Male","Marketing","Coordinator","76478.21",15
697,"Melissa Cox",57,"Male","Engineering","Analyst","45520.21",19
698,"Angela Delgado",23,"Male","Marketing","Analyst","76406.72",1
699,"Gary Harris",61,"Female","Finance","Coordinator","34573.41",4
700,"Melissa Frazier",41,"Male","Sales","Engineer","63480.65",2
701,"Timothy Wright",65,"Female","Finance","Specialist","44183.58",6
702,"Gabriella Skinner",25,"Female","Sales","Coordinator","64218.14",2
703,"Christie Anderson",62,"Female","HR","Specialist","64168.34",15
704,"Anthony Weiss",59,"Female","Marketing","Manager","39816.84",14
705,"Gregory Chapman",42,"Male","Sales","Engineer","119077.93",20
706,"Jennifer Brown",42,"Female","Marketing","Analyst","102963.83",17
707,"Michelle Castro",34,"Female","Sales","Specialist","51720.69",14
708,"Claudia Marshall",45,"Male","Engineering","Manager","96005.99",13
709,"Brian Brooks",65,"Female","HR","Engineer","57712.82",5
710,"Monique Richardson",62,"Female","HR","Manager","36911.39",9
711,"Caitlin Anderson",49,"Female","Finance","Manager","32404.8",13
712,"Angela Cooper",32,"Female","Marketing","Engineer","52064.17",12
713,"Lori Johnson",24,"Male","Marketing","Engineer","85672.57",20
714,"Kevin Parker",32,"Male","Engineering","Analyst","77502.85",9
715,"Daniel Foster",22,"Male","Finance","Coordinator","53654.29",15
716,"Nicole Peterson",43,"Female","Marketing","Coordinator","90993.38",15
717,"Dr. Terri Fisher",65,"Female","Sales","Analyst","72784.66",17
718,"Robert Hoover",39,"Male","Engineering","Engineer","42469.15",7
719,"Wayne Marks",27,"Male","Finance","Specialist","65994.5",1
720,"Randall Brown",52,"Male","Sales","Specialist","94496.78",1
721,"Brittany Campos",43,"Male","Finance","Engineer","90981.28",11
722,"Amanda Lopez",51,"Male","Engineering","Engineer","84812.63",18
723,"Andrew Green",51,"Male","HR","Manager","61521.57",8
724,"Kimberly Peterson",35,"Male","Marketing","Coordinator","79037.03",11
725,"Veronica Gonzalez",40,"Female","Finance","Specialist","96145.44",7
726,"Tammy Craig",25,"Female","Marketing","Analyst","72384.01",8
727,"Robert Ramirez",27,"Female","Engineering","Specialist","114098.18",10
728,"Alyssa Anthony",30,"Female","Sales","Analyst","110533.54",16
729,"Matthew Sanders",62,"Male","HR","Engineer","69577.29",10
730,"Jessica Blankenship",43,"Male","HR","Coordinator","53411.79",15
731,"Kevin Knight",57,"Female","HR","Engineer","108096.34",16
732,"Connie Brown",46,"Male","Marketing","Engineer","80768.31",17
733,"Kelsey Hernandez",30,"Female","Finance","Analyst","50553.13",14
734,"Corey Andrews",62,"Female","HR","Analyst","111502.76",15
735,"Joseph Stevens",40,"Male","Engineering","Analyst","33968.04",1
736,"Michelle Cordova",48,"Female","Sales","Analyst","110740.6",12
737,"Ruth Thomas",28,"Female","Marketing","Analyst","57575.48",15
738,"Alejandra Stanley",34,"Female","Sales","Analyst","119401.19",14
739,"Robert Lopez",48,"Male","Marketing","Coordinator","104290.97",10
740,"Sonia Lewis",44,"Male","Marketing","Engineer","80640.34",14
741,"Jennifer Mitchell",48,"Male","Marketing","Manager","86472.39",20
742,"Robert Calhoun",29,"Female","Marketing","Manager","79854.24",3
743,"Rebecca Fields",46,"Female","Engineering","Analyst","107713.42",10
744,"Cheyenne Parker",44,"Male","HR","Engineer","87065.68",5
745,"Todd Trevino",40,"Female","HR","Analyst","89768.9",16
746,"David Meyer",38,"Male","Engineering","Analyst","57271.81",3
747,"Anthony Gomez",53,"Male","HR","Coordinator","118218.69",19
748,"Sandra White",51,"Female","Finance","Coordinator","51423.09",18
749,"Curtis Hall",56,"Male","Finance","Analyst","40562.73",3
750,"Kara Coleman",35,"Female","Finance","Analyst","60532.46",13
751,"Shannon Shepherd",39,"Male","Sales","Analyst","101997.95",16
752,"Mark Butler",23,"Male","Sales","Analyst","90843.28",5
753,"Jeremiah West",31,"Female","Sales","Coordinator","106945.46",1
754,"Dr. Vincent Whitaker",29,"Female","Finance","Engineer","47241.81",17
755,"Yvette Robinson",32,"Female","HR","Analyst","111495.43",6
756,"Joanna Charles",64,"Male","Engineering","Coordinator","60436.44",20
757,"Heidi Jones",59,"Male","Sales","Manager","109624.71",17
758,"Mia Lowe",62,"Male","HR","Analyst","119881.82",15
759,"Jason Garcia",33,"Male","Sales","Engineer","90305.46",11
760,"Sarah Russell",57,"Male","HR","Specialist","111148.99",12
761,"Joanna Brown",54,"Female","HR","Specialist","33829.43",6
762,"Matthew Guerra",58,"Female","Marketing","Engineer","82406.16",18
763,"Peter Johnson",58,"Female","Finance","Coordinator","30102.08",10
764,"Lori Martinez",43,"Male","Finance","Specialist","61368.11",3
765,"Rachel Navarro",46,"Male","Engineering","Coordinator","100554.47",7
766,"Jeffrey Allen",38,"Male","Marketing","Analyst","41198.08",6
767,"Samantha Ferguson",29,"Female","Engineering","Analyst","67536.36",13
768,"Paige Johnson",40,"Female","Engineering","Analyst","57993.77",7
769,"Cristina White",43,"Male","Engineering","Engineer","52574.34",1
770,"Heather Lambert",41,"Male","Sales","Coordinator","78145.28",5
771,"Antonio Mason",36,"Male","Engineering","Manager","35283.11",19
772,"Michael Tapia",38,"Female","HR","Engineer","86808.14",4
773,"Matthew Rodriguez",51,"Female","Finance","Specialist","69718.11",7
774,"Kaitlyn Bartlett",31,"Female","Finance","Manager","92748.71",8
775,"Logan Weaver",63,"Male","Sales","Analyst","33629.65",17
776,"Catherine Wright",28,"Female","HR","Engineer","82552.35",6
777,"Erika Wood",24,"Male","Finance","Manager","108811.95",6
778,"Timothy James",65,"Female","Marketing","Specialist","35818.21",4
779,"Laura Kane",63,"Female","Finance","Coordinator","61298.46",14
780,"Gregory Martin",49,"Female","Sales","Coordinator","109707.48",5
781,"David Beck",37,"Female","Engineering","Specialist","47139.42",9
782,"Robert Miller",46,"Female","Marketing","Manager","106862.55",14
783,"Cody Brown",29,"Male","Sales","Manager","115732.7",20
784,"Mr. Ronald Arellano MD",62,"Female","Finance","Coordinator","94635.77",18
785,"Jason Butler",53,"Male","HR","Analyst","99084.64",8
786,"Gary Benitez DDS",53,"Female","Finance","Engineer","85002.43",3
787,"Lydia Lee MD",44,"Male","Marketing","Engineer","82917.16",8
788,"Lisa Lawson",22,"Male","HR","Analyst","95026.72",19
789,"Anthony Hanson",59,"Female","Engineering","Coordinator","46409.53",20
790,"Miranda Mcclain",55,"Male","HR","Engineer","116598.54",16
791,"Brent Medina",32,"Female","Sales","Specialist","85182.52",7
792,"Kyle Hansen",28,"Female","HR","Engineer","111145.69",2
793,"Christine Barnett",61,"Male","Engineering","Analyst","72626.74",20
794,"Ryan Nelson",36,"Female","Marketing","Engineer","106454.83",1
795,"Nancy Davis",40,"Female","Finance","Analyst","79323.95",3
796,"David Park",62,"Female","Sales","Analyst","43017.77",16
797,"Alicia Baird MD",44,"Female","Marketing","Specialist","105388.5",11
798,"Laura Smith",46,"Male","Engineering","Specialist","53136.14",18
799,"Angela Cook",31,"Male","Sales","Analyst","48959.22",12
800,"Michelle Moran",53,"Male","Engineering","Specialist","112524.3",14
801,"Matthew Duke",26,"Female","Engineering","Specialist","49317.39",12
802,"Anna Stein",55,"Female","Sales","Analyst","71966.35",7
803,"Lisa Molina",56,"Female","Finance","Specialist","112283.38",6
804,"Lisa Martin",22,"Male","HR","Analyst","69472.7",15
805,"Ariana Pratt",47,"Male","Engineering","Analyst","118353.81",2
806,"Heather Robinson",57,"Male","HR","Manager","30504.09",9
807,"David Meza",28,"Female","Marketing","Engineer","62862.78",2
808,"Charles Dixon",46,"Female","HR","Engineer","54484.93",1
809,"Marc Carter",60,"Female","HR","Specialist","43878.67",8
810,"Eric Dawson",52,"Female","HR","Coordinator","94945.75",2
811,"Barry Dennis",59,"Female","Sales","Specialist","55833.88",5
812,"Caroline Lee",47,"Male","HR","Manager","110590.53",16
813,"Angel Wallace",42,"Female","Engineering","Analyst","107792.25",20
814,"Travis Barrett",50,"Female","HR","Coordinator","83362.31",5
815,"Barbara Frank",26,"Male","Marketing","Analyst","38558.52",7
816,"Holly Garcia",28,"Female","Finance","Analyst","83983.08",18
817,"Karen Kelly",22,"Male","Engineering","Analyst","114328.44",10
818,"Rebecca Robertson",28,"Male","Engineering","Coordinator","54420.22",6
819,"Donald Alvarado",26,"Female","Finance","Specialist","114817.6",4
820,"Kelly Hess",47,"Female","Engineering","Analyst","98194.83",18
821,"Erin Ferguson",63,"Male","HR","Engineer","66402.11",9
822,"Adam Valdez",34,"Male","Marketing","Manager","116574.07",15
823,"Tracy Bauer",55,"Female","Finance","Engineer","32787.12",4
824,"Mrs. Linda Hartman",42,"Female","Sales","Specialist","55330.37",9
825,"Christopher Patrick",28,"Male","Sales","Coordinator","104068.6",16
826,"Roger Lin",60,"Female","Sales","Manager","38361.68",6
827,"Jessica Butler",62,"Female","Marketing","Specialist","30257.75",18
828,"Jesse Adams",27,"Female","Engineering","Coordinator","78629.29",2
829,"Juan Norman",60,"Female","Engineering","Analyst","77107.82",6
830,"Vickie Sanders",31,"Female","Marketing","Manager","82283.05",8
831,"Daniel Morris",35,"Female","Engineering","Engineer","94402.68",6
832,"Stephen Ray",23,"Female","Sales","Engineer","111276.05",9
833,"Tracy Johnston",23,"Male","Marketing","Engineer","119538.29",13
834,"Dawn Williams",52,"Male","Sales","Specialist","58001.81",16
835,"Karen Mora",40,"Male","Sales","Coordinator","85092.69",3
836,"Tina Cooper",51,"Male","HR","Coordinator","98056.55",6
837,"Claire Tran",41,"Male","Sales","Manager","95714.64",15
838,"Alexander Johnson",30,"Male","Finance","Analyst","100663.53",14
839,"Joseph Gonzalez",44,"Female","Finance","Manager","102924.28",11
840,"Brian Bruce",22,"Male","Finance","Specialist","33826.08",5
841,"Peter Armstrong",44,"Male","Marketing","Specialist","116512.86",18
842,"William Carter",53,"Male","Sales","Engineer","92441",14
843,"Tammy Reeves",57,"Male","HR","Engineer","111851.07",14
844,"Jason Mcdaniel",55,"Male","Finance","Coordinator","109274.21",17
845,"Suzanne Love",63,"Female","Sales","Manager","89959.39",11
846,"Robert Marsh",24,"Female","Engineering","Engineer","88484.09",7
847,"Samantha Robinson",37,"Male","Marketing","Specialist","70149.93",17
848,"John Gonzalez",26,"Male","Sales","Manager","38756.5",13
849,"Brandi Fields",33,"Male","Finance","Specialist","34076.91",3
850,"Sergio Moore",38,"Female","HR","Analyst","40661.68",17
851,"Christopher Robertson",39,"Male","Marketing","Analyst","54488.07",19
852,"Billy Ford",46,"Male","Marketing","Manager","106523.1",14
853,"Peter Dominguez",46,"Female","Engineering","Manager","37522.61",8
854,"Melissa Woods",40,"Female","HR","Coordinator","85609.07",9
855,"Rhonda Curtis",58,"Male","Finance","Engineer","70238.45",19
856,"Darius Smith",28,"Male","Marketing","Coordinator","72561.44",15
857,"Benjamin Watts",40,"Male","Finance","Manager","36660.82",12
858,"Jeffrey Taylor",46,"Male","HR","Engineer","32913.62",1
859,"Amber Greene",39,"Female","Finance","Manager","77038.41",5
860,"Matthew Mcguire",57,"Female","Engineering","Specialist","31708.7",1
861,"Dr. Amy Mitchell",34,"Male","Engineering","Analyst","71480.45",14
862,"Timothy Hernandez",53,"Male","Finance","Analyst","36247.01",8
863,"John Williams",24,"Male","Marketing","Analyst","62936.67",19
864,"Craig French",55,"Male","HR","Manager","118686.04",17
865,"Crystal David",61,"Male","Engineering","Specialist","93944.83",14
866,"Tracy Rios",51,"Female","Marketing","Analyst","59893.97",8
867,"Nicholas Chang",56,"Female","Sales","Analyst","103069.55",4
868,"Amanda Reid",22,"Male","Marketing","Analyst","86244.38",17
869,"Kyle Lyons",22,"Male","HR","Manager","96892.65",5
870,"Kenneth Neal",31,"Female","Finance","Engineer","97694.27",2
871,"Joseph Lambert",36,"Male","HR","Analyst","100119.75",3
872,"Elijah Hubbard",42,"Male","Sales","Analyst","107176.43",13
873,"Becky Taylor",34,"Male","Finance","Specialist","119819.71",1
874,"Kara Smith",35,"Female","Sales","Analyst","87411.99",1
875,"Jennifer Dawson",45,"Female","Engineering","Engineer","93308.87",9
876,"Jacob Martin MD",52,"Male","HR","Analyst","56966.49",12
877,"Eric Johnson",33,"Male","Finance","Manager","39984.07",2
878,"Kristi Porter",56,"Male","Sales","Manager","113234.96",8
879,"Cindy Jenkins",57,"Male","Sales","Specialist","73947.18",14
880,"Mrs. Stephanie Odom",60,"Male","Finance","Manager","96870.86",10
881,"Andrew Wells",27,"Female","Finance","Coordinator","84578.9",4
882,"Jody Horn",30,"Female","Marketing","Manager","75422.66",10
883,"Devon Morrison",44,"Female","Marketing","Specialist","83428.14",3
884,"Adam Martinez",62,"Male","Sales","Coordinator","31372.1",2
885,"Jenna Phelps",60,"Male","Finance","Specialist","68461.6",2
886,"Paul Harper",53,"Female","Sales","Coordinator","107735.77",5
887,"Robert Reynolds",53,"Male","Marketing","Specialist","50064.52",18
888,"Luis Reeves",43,"Female","Sales","Analyst","55226.74",19
889,"Gregory Vega",32,"Female","Marketing","Specialist","75013.55",9
890,"Anna Robinson",55,"Female","Marketing","Coordinator","43162.23",5
891,"David Carlson",39,"Female","Marketing","Specialist","30209.07",18
892,"Christopher Santiago",48,"Female","Engineering","Specialist","61295.15",14
893,"Julie Bennett",29,"Female","Finance","Specialist","117944.21",9
894,"Chris Williams",62,"Male","Finance","Manager","95380.57",16
895,"Jasmine Henderson",54,"Female","Marketing","Coordinator","84927.96",8
896,"Nicole Brown",28,"Female","Marketing","Specialist","113882.11",7
897,"Devin Luna",31,"Female","Sales","Specialist","39691.69",20
898,"Carla Lane",28,"Female","Sales","Manager","116779.11",5
899,"Christina Salinas",53,"Male","Sales","Engineer","41257.2",13
900,"Larry Buck",48,"Female","Marketing","Engineer","33461.48",14
901,"Janet Fields",39,"Female","Finance","Coordinator","85099.56",5
902,"Tony Fuller",54,"Male","HR","Coordinator","85766.2",15
903,"Amanda Peters",23,"Male","Marketing","Specialist","51666.42",19
904,"Michael Stevens",56,"Female","Sales","Coordinator","60632.88",14
905,"Emma Williams",61,"Male","Sales","Analyst","117241.52",6
906,"Shannon Calhoun",22,"Male","HR","Analyst","80952.6",6
907,"Lauren Farrell",42,"Female","HR","Manager","75021.54",10
908,"Thomas Delacruz",22,"Female","Finance","Manager","58522.25",5
909,"Thomas York",30,"Female","HR","Specialist","107026.17",2
910,"Kathleen Ramirez",28,"Male","HR","Analyst","101762.41",2
911,"Kristen Spencer",59,"Male","Marketing","Manager","111864.32",6
912,"Brian Stephens",35,"Male","Finance","Specialist","105021.86",14
913,"John Wilson",52,"Male","Marketing","Coordinator","41222.52",11
914,"Nicholas Willis",48,"Female","Marketing","Coordinator","103771.02",20
915,"Ryan Barnett",65,"Male","Engineering","Manager","70591.52",6
916,"Jonathon Davis",61,"Female","Engineering","Analyst","117950.49",17
917,"Amanda Thompson",43,"Female","Marketing","Coordinator","69437.56",7
918,"Natalie Warren",45,"Female","Sales","Manager","88207.02",6
919,"Charles Jones",37,"Female","HR","Coordinator","112318.35",20
920,"Gregory Davis",39,"Male","Engineering","Analyst","68051.17",17
921,"Hannah Pearson",61,"Male","Engineering","Coordinator","79108.3",3
922,"Elizabeth Wright",26,"Male","Finance","Coordinator","48311.91",11
923,"Martin Shea",52,"Male","Marketing","Engineer","112441.45",12
924,"Juan Martin",48,"Male","Engineering","Coordinator","95703.49",20
925,"Kelsey Mccarty",53,"Male","HR","Engineer","111796.97",12
926,"Sara Gonzalez",54,"Male","Engineering","Manager","31228.92",8
927,"Melissa Dudley",51,"Male","Finance","Manager","73087.37",18
928,"Nicole Castaneda",30,"Female","Marketing","Engineer","112663.99",4
929,"Paul Chapman",51,"Male","HR","Manager","53004.99",12
930,"Thomas Bennett",64,"Female","Engineering","Manager","106602.56",11
931,"Rose Herrera",35,"Male","Sales","Manager","42086.6",6
932,"Melissa Harris",57,"Male","Finance","Engineer","65957.07",12
933,"Dr. Charles Best",52,"Male","Finance","Manager","57412.23",14
934,"Pamela Long",35,"Female","Engineering","Coordinator","105112.05",9
935,"Michelle Fox",59,"Male","Sales","Engineer","55676.32",2
936,"Katherine Miller",27,"Male","Finance","Manager","49358.3",9
937,"Joseph Wagner",42,"Female","Marketing","Specialist","74011.08",12
938,"Jon Brown",23,"Male","Finance","Coordinator","62951.25",4
939,"Kaitlyn Roth",41,"Female","HR","Engineer","36910.73",15
940,"Rebecca Lewis",25,"Male","Engineering","Analyst","43656.8",6
941,"Carrie Thompson",57,"Female","Sales","Analyst","77677.93",8
942,"Robert Stone",59,"Male","Finance","Engineer","110961.44",6
943,"Mallory Bryant",46,"Male","Sales","Coordinator","64067.02",5
944,"Michael Osborne",35,"Female","Engineering","Specialist","107215.11",19
945,"Craig Morales",22,"Male","Finance","Engineer","92031.75",8
946,"Mark Carroll",63,"Male","HR","Manager","90914.67",13
947,"Olivia Vincent",57,"Male","Engineering","Specialist","96361.03",20
948,"David Murray",29,"Male","HR","Coordinator","66425.61",4
949,"Robert Phillips DDS",44,"Female","Engineering","Coordinator","64421.15",4
950,"Jesus Kennedy",36,"Male","Engineering","Analyst","68223.2",2
951,"Anna Adams",49,"Male","Finance","Manager","81746.62",12
952,"Jason Jackson",56,"Female","Finance","Coordinator","69093.88",12
953,"Isaac Salazar",34,"Female","Marketing","Analyst","41636.57",13
954,"Jimmy Wade",45,"Male","Finance","Manager","82669.4",4
955,"Susan Davis",59,"Female","HR","Coordinator","102486.47",5
956,"Jeffrey Vazquez",51,"Female","Marketing","Analyst","109847.34",7
957,"Edward Dickerson",39,"Female","Finance","Specialist","48417.87",9
958,"James Coleman",52,"Female","Engineering","Specialist","61127.98",5
959,"Jill Davis",56,"Male","HR","Specialist","88480.13",1
960,"Tyler Elliott",49,"Female","Engineering","Analyst","89210.54",13
961,"Susan Mercer",30,"Male","Finance","Engineer","72460.07",19
962,"Matthew Figueroa",54,"Male","Marketing","Specialist","45425.36",7
963,"Amy Brooks",39,"Female","Sales","Specialist","110662.72",8
964,"Jon Watkins",33,"Female","Engineering","Analyst","78801.95",20
965,"Sarah Thompson",45,"Female","Marketing","Analyst","64982.92",15
966,"Angela Stephenson",44,"Female","Engineering","Analyst","96924.81",4
967,"Jodi Ho",52,"Male","Engineering","Manager","33365.6",11
968,"James Wells",55,"Male","Finance","Coordinator","65901.8",7
969,"Alicia Gray",24,"Male","Sales","Manager","52177.71",6
970,"Nicole Mcintyre",64,"Female","Marketing","Engineer","92928.04",20
971,"Patrick Prince",59,"Male","Sales","Analyst","82237.02",6
972,"Aaron Gray",58,"Male","Engineering","Engineer","72303.45",18
973,"Joshua Washington",33,"Male","Sales","Analyst","85303.86",10
974,"Larry Martinez",33,"Female","Engineering","Specialist","37283",6
975,"Philip Anderson",41,"Male","Finance","Specialist","49117.26",17
976,"Gabrielle Davis",55,"Female","Finance","Manager","110835.15",13
977,"Jessica Moyer",34,"Female","Marketing","Manager","76752.35",16
978,"David Hodges",25,"Female","HR","Analyst","74544.56",14
979,"Kathryn Smith",48,"Male","Finance","Specialist","70027.16",19
980,"William Krause",31,"Male","Engineering","Manager","48519.44",19
981,"John Cummings",22,"Female","Finance","Analyst","84758.78",7
982,"Jessica Brown",34,"Male","Engineering","Coordinator","100735.9",10
983,"Kirsten Scott",23,"Male","HR","Coordinator","98941.29",13
984,"Denise Short",42,"Female","Sales","Coordinator","85491.02",4
985,"Rachel Kelly",25,"Female","Sales","Specialist","47808.37",1
986,"Gregory Cole",60,"Male","Marketing","Manager","35079.15",10
987,"Cynthia Davenport",63,"Male","HR","Coordinator","47436.75",9
988,"Nancy Hobbs",60,"Female","HR","Manager","109938.18",4
989,"John Reed",39,"Female","Sales","Coordinator","118177.87",3
990,"Jimmy Williams",44,"Male","Marketing","Specialist","71059.14",15
991,"Bonnie Lewis",26,"Female","HR","Analyst","89556.46",9
992,"Amanda Cooper",36,"Female","Finance","Manager","94994.25",13
993,"Beth Smith",38,"Female","Engineering","Analyst","46078.47",8
994,"Michael Bell",41,"Female","Finance","Coordinator","77502.45",2
995,"Chad Morgan",44,"Male","Marketing","Specialist","109947.03",10
996,"Diane Berry",36,"Female","Sales","Specialist","41425.25",8
997,"Rebecca Preston",40,"Male","Marketing","Manager","93690.38",6
998,"Michael Lawrence",54,"Female","Marketing","Engineer","88498.1",1
999,"Tara Andrews",46,"Male","Finance","Engineer","71372.59",20
1000,"Amy Johnson",48,"Male","Finance","Coordinator","45052.54",11
